workclass,education,marital-status,occupation,relationship,race,native-country,age,fnlwgt,education-nums,capital-gain,capital-loss,hours-per-week,sex,>50K
2,4,1,5,3,1,1,52,209642,9,0,0,45,0,1
1,11,3,6,4,1,1,31,45781,14,14084,0,50,1,1
1,1,1,5,3,1,1,42,159449,13,5178,0,40,0,1
1,2,1,5,3,5,1,37,280464,10,0,0,80,0,1
6,1,1,6,3,2,8,30,141297,13,0,0,40,0,1
1,7,1,2,3,2,0,40,121772,11,0,0,40,0,1
2,11,2,5,6,1,1,43,292175,14,0,0,45,1,1
1,14,1,6,3,1,1,40,193524,16,0,0,60,0,1
5,1,1,1,3,1,1,56,216851,13,0,0,40,0,1
0,2,1,0,3,2,11,54,180211,10,0,0,60,0,1
1,2,1,4,3,1,0,31,84154,10,0,0,38,0,1
4,1,1,6,3,5,1,57,337895,13,0,0,40,0,1
1,5,1,6,1,1,15,47,51835,15,0,1902,60,1,1
4,1,2,5,4,1,1,50,251585,13,0,0,55,0,1
1,2,1,1,3,1,1,43,237993,10,0,0,40,0,1
1,14,1,6,3,1,1,42,116632,16,0,0,45,0,1
1,4,1,9,1,1,1,53,169846,9,0,0,40,1,1
3,2,1,5,3,1,1,49,191681,10,0,0,50,0,1
2,1,1,4,3,1,1,29,162298,13,0,0,70,0,1
1,4,2,2,4,1,1,44,343591,9,14344,0,40,1,1
5,4,1,13,3,1,1,49,268234,9,0,0,40,0,1
4,14,3,6,4,1,1,43,410867,16,0,0,50,1,1
5,1,1,13,3,1,1,34,226296,13,0,0,40,0,1
2,14,1,6,3,1,1,48,191277,16,0,1902,60,0,1
1,2,1,4,3,1,1,37,202683,10,0,0,48,0,1
1,11,1,5,3,1,1,76,124191,14,0,0,40,0,1
1,1,1,5,3,1,1,44,198282,13,15024,0,60,0,1
3,4,1,2,3,1,1,32,317660,9,7688,0,40,0,1
1,5,1,6,3,1,1,38,65324,15,0,0,40,0,1
2,4,1,3,3,1,5,56,335605,9,0,1887,50,0,1
5,7,1,2,3,5,1,49,197371,11,0,0,40,0,1
6,1,1,6,3,1,1,29,267989,13,0,0,50,0,1
1,1,1,5,1,1,1,47,287828,13,0,0,40,1,1
1,6,1,9,3,1,1,31,114937,12,0,0,40,0,1
4,11,1,6,3,1,14,38,125933,14,0,0,40,0,1
1,2,1,2,3,2,1,49,81973,10,0,0,40,0,1
1,7,3,6,4,1,1,45,196584,11,0,1564,40,1,1
0,4,2,0,4,1,1,52,252903,9,0,0,45,0,1
2,11,1,4,3,1,1,45,201080,14,0,0,40,0,1
1,2,1,4,3,1,1,51,96062,10,0,1977,40,0,1
6,1,1,6,3,1,1,28,149624,13,0,0,40,0,1
5,2,1,5,3,5,1,44,181344,10,0,0,38,0,1
1,9,1,8,3,1,21,40,286370,4,0,0,40,0,1
4,2,1,9,3,1,1,37,29054,10,0,0,42,0,1
6,14,1,6,3,1,1,58,109567,16,0,0,1,0,1
4,11,3,5,4,1,1,40,56795,14,14084,0,55,1,1
1,11,1,6,5,1,1,35,138992,14,7298,0,40,0,1
1,1,1,5,3,1,1,51,259323,13,0,0,50,0,1
1,1,1,3,3,5,1,36,128757,13,7298,0,36,0,1
3,4,1,4,1,1,1,58,210563,9,15024,0,35,1,1
1,4,1,2,3,1,1,37,208358,9,0,0,40,0,1
3,9,1,8,3,1,1,54,125417,4,0,0,40,0,1
1,1,3,5,4,5,1,37,635913,13,0,0,60,0,1
1,5,3,6,4,1,1,28,76714,15,0,0,55,0,1
1,1,1,5,3,1,14,41,180138,13,0,0,50,0,1
5,11,1,5,3,1,1,38,115076,14,0,0,70,0,1
1,1,1,6,3,1,1,40,347890,13,0,0,40,0,1
1,4,1,9,3,1,1,58,236596,9,0,0,45,0,1
1,6,1,1,3,1,1,40,207578,12,0,1977,60,0,1
1,5,1,6,1,1,1,41,112763,15,0,0,40,1,1
2,4,1,10,3,2,2,42,303044,9,0,0,40,0,1
3,2,1,5,3,2,35,37,257295,10,0,0,75,0,1
1,4,1,5,3,1,1,64,21174,9,0,0,40,0,1
1,4,1,2,1,1,1,33,222205,9,0,0,40,1,1
1,4,1,5,3,1,1,61,69867,9,0,0,40,0,1
1,2,1,2,3,1,1,44,170924,10,7298,0,40,0,1
1,2,1,8,1,1,1,24,279472,10,7298,0,48,1,1
5,2,1,2,3,1,1,42,97688,10,5178,0,40,0,1
4,11,1,4,3,1,1,57,425161,14,15024,0,40,0,1
1,5,1,6,3,1,1,41,220531,15,0,0,60,0,1
1,1,1,9,3,1,1,48,146268,13,7688,0,40,0,1
1,4,1,11,3,1,1,31,217460,9,0,0,45,0,1
1,4,1,4,3,1,1,55,238638,9,4386,0,40,0,1
1,6,1,9,3,1,1,35,193815,12,0,0,40,0,1
3,2,1,10,3,1,1,41,34987,10,0,0,54,0,1
1,11,1,5,3,2,28,34,142897,14,7298,0,35,0,1
2,1,2,6,4,5,1,36,205607,13,0,0,40,1,1
1,2,1,6,1,1,1,43,187728,10,0,1887,50,1,1
1,7,1,2,3,1,1,38,296478,11,7298,0,40,0,1
6,4,1,13,3,1,1,36,119272,9,7298,0,40,0,1
1,1,1,5,3,1,1,33,117963,13,0,0,40,0,1
1,1,1,5,3,1,1,33,111363,13,0,0,40,0,1
0,1,1,0,3,1,1,59,372020,13,0,0,40,0,1
4,4,1,9,3,1,1,38,95432,9,0,0,40,0,1
1,7,1,1,3,1,1,40,96129,11,0,0,40,0,1
1,11,1,6,3,1,1,62,270092,14,0,0,40,0,1
1,1,2,5,4,1,1,43,174575,13,0,1564,45,0,1
1,1,2,5,4,1,1,57,212448,13,0,0,45,1,1
6,7,1,8,3,1,1,40,184018,11,0,0,38,0,1
1,2,1,9,1,1,1,44,162028,10,0,2415,6,1,1
1,4,1,3,1,1,1,35,220098,9,0,0,40,1,1
6,1,1,5,3,1,0,34,98101,13,7688,0,45,0,1
1,1,1,5,3,1,1,25,86872,13,0,0,55,0,1
3,1,1,5,3,1,1,52,132178,13,0,0,50,0,1
6,1,1,13,3,1,1,50,288353,13,0,0,40,0,1
1,11,1,5,3,1,1,41,445382,14,0,1977,65,0,1
0,2,1,0,1,1,1,28,123147,10,0,1887,40,1,1
1,14,1,5,3,1,1,46,188386,16,15024,0,60,0,1
1,10,2,2,4,1,1,35,92440,8,0,0,50,0,1
6,1,1,5,1,1,1,32,92003,13,0,0,40,1,1
3,4,1,5,3,1,1,63,222289,9,0,0,40,0,1
1,6,1,3,1,1,1,30,29662,12,0,0,25,1,1
1,11,1,6,3,1,1,33,208405,14,0,0,50,0,1
1,2,1,6,3,1,1,44,116632,10,0,0,40,0,1
3,2,1,2,3,1,1,45,197332,10,0,0,55,0,1
1,4,1,2,3,1,1,60,245062,9,0,0,40,0,1
1,6,1,5,3,5,0,42,197583,12,0,0,40,0,1
2,4,1,4,1,1,1,44,234885,9,0,0,40,1,1
1,7,1,8,3,2,1,40,72887,11,0,0,40,0,1
1,11,1,5,3,1,1,49,192776,14,0,1977,45,0,1
1,1,1,1,1,1,1,30,118551,13,0,0,16,1,1
1,2,3,6,6,1,1,60,201965,10,0,0,40,0,1
1,1,1,4,3,1,1,38,91039,13,15024,0,60,0,1
1,2,1,6,3,1,1,34,337587,10,0,0,50,0,1
1,1,1,6,3,1,1,34,108116,13,0,0,50,0,1
3,1,1,5,3,1,1,38,99146,13,15024,0,80,0,1
1,4,1,5,3,1,1,50,196232,9,7688,0,50,0,1
5,2,1,1,3,1,1,37,186035,10,0,0,45,0,1
1,2,2,8,6,1,1,44,177905,10,0,0,58,0,1
1,1,1,5,3,1,1,42,221172,13,0,0,40,0,1
1,6,1,5,1,1,1,41,101739,12,0,0,50,1,1
1,5,1,6,3,1,1,67,231559,15,20051,0,48,0,1
4,7,2,2,6,5,1,33,319560,11,0,0,40,1,1
1,1,1,4,3,1,1,54,212960,13,0,0,35,0,1
1,2,1,6,3,1,1,47,264052,10,0,0,50,0,1
2,1,1,6,3,1,1,52,334273,13,0,0,60,0,1
1,7,1,2,3,1,1,37,22463,11,0,1977,40,0,1
1,1,1,5,1,1,1,29,350162,13,0,0,40,0,1
0,2,1,0,3,1,1,65,195733,10,0,0,30,0,1
1,4,1,4,3,1,1,57,69884,9,0,0,40,0,1
1,13,1,2,3,1,1,52,25826,6,0,1887,47,0,1
1,9,3,11,4,1,1,60,39352,4,0,0,48,0,1
1,1,1,6,3,1,5,31,168387,13,7688,0,40,0,1
2,5,1,6,3,1,1,42,214242,15,0,1902,50,0,1
1,11,1,2,3,1,1,51,410114,14,0,0,40,0,1
1,5,1,6,3,1,1,46,102388,15,15024,0,45,0,1
1,4,1,4,3,1,1,34,153614,9,0,0,45,0,1
1,2,1,5,3,1,1,33,205469,10,0,0,40,0,1
1,1,1,4,3,1,1,49,268090,13,0,0,26,0,1
1,2,1,2,3,1,1,43,154374,10,15024,0,60,0,1
1,1,1,9,1,5,1,30,103649,13,0,0,40,1,1
1,1,1,5,3,1,1,33,175697,13,15024,0,60,0,1
2,14,1,6,3,1,1,52,289436,16,0,0,60,0,1
1,2,1,4,3,1,1,36,188563,10,5178,0,50,0,1
3,14,0,6,4,1,1,50,195322,16,0,0,40,0,1
6,1,1,1,3,1,1,30,169496,13,0,0,40,0,1
1,14,1,6,3,2,28,35,292472,16,0,0,40,0,1
1,4,1,8,3,1,1,43,174524,9,0,0,40,0,1
2,10,1,7,3,5,1,44,335183,8,0,0,40,0,1
1,6,2,6,6,1,1,42,341204,12,8614,0,40,1,1
1,4,1,2,3,5,1,42,247019,9,0,0,40,0,1
1,1,1,5,3,1,1,33,182556,13,0,0,40,0,1
3,4,1,4,3,1,1,50,219420,9,0,0,50,0,1
1,7,1,2,3,1,22,37,161141,11,0,0,40,0,1
2,4,1,2,3,1,1,34,190290,9,0,0,40,0,1
1,11,3,6,4,1,1,35,203628,14,0,0,60,0,1
1,11,1,1,3,1,1,31,118710,14,0,1902,40,0,1
1,14,2,6,6,1,1,46,295566,16,25236,0,65,1,1
1,1,2,5,2,1,1,44,63042,13,0,0,50,1,1
1,1,1,5,3,1,1,34,217460,13,0,0,45,0,1
5,4,1,5,3,1,1,50,50459,9,0,0,42,0,1
1,1,1,5,3,1,1,42,162140,13,7298,0,45,0,1
1,1,3,6,4,1,0,43,177937,13,0,0,40,0,1
2,3,1,5,3,1,0,65,118474,7,9386,0,59,0,1
1,1,1,1,3,1,1,42,279914,13,0,0,40,0,1
1,11,3,5,4,1,1,42,151408,14,14084,0,50,1,1
5,1,1,6,1,1,1,42,126319,13,0,0,40,1,1
1,4,1,11,3,1,1,55,197422,9,7688,0,40,0,1
6,1,1,5,3,1,1,29,356089,13,7688,0,40,0,1
1,4,1,11,3,1,1,54,285854,9,0,0,40,0,1
4,4,1,9,1,1,1,46,167381,9,0,0,40,1,1
5,4,1,9,1,1,1,59,420537,9,0,0,38,1,1
3,14,1,5,3,1,1,53,128272,16,0,0,70,0,1
1,1,3,4,4,1,1,51,386773,13,0,0,55,0,1
1,7,1,1,1,1,1,37,280282,11,0,0,24,1,1
1,1,1,4,3,1,1,43,226902,13,0,0,50,0,1
1,7,1,5,3,1,1,40,130760,11,0,0,50,0,1
1,1,3,4,4,4,1,40,237601,13,0,0,55,1,1
1,7,1,1,3,1,1,48,102102,11,0,0,50,0,1
1,4,1,11,3,1,1,60,31577,9,0,0,60,0,1
1,11,3,1,4,1,1,46,90758,14,0,0,35,0,1
1,1,1,5,3,1,3,43,274363,13,0,1902,40,0,1
1,4,1,2,3,1,1,32,231043,9,5178,0,48,0,1
1,1,1,6,3,1,1,33,169879,13,3103,0,47,0,1
1,1,1,6,3,1,1,64,270333,13,0,0,40,0,1
1,2,1,2,3,1,1,56,186556,10,0,0,50,0,1
1,4,1,11,3,1,1,47,191277,9,0,0,50,0,1
1,4,0,11,6,1,1,57,34269,9,0,653,42,0,1
1,2,1,9,1,1,1,53,194259,10,4386,0,40,1,1
1,1,2,6,4,1,1,41,180572,13,0,0,50,1,1
1,2,1,6,3,1,1,51,146813,10,0,0,40,0,1
1,4,1,2,3,1,1,55,387569,9,4386,0,40,0,1
1,1,1,5,3,1,1,37,86551,13,0,0,45,0,1
1,11,0,6,4,1,1,61,99784,14,0,0,40,1,1
6,14,2,6,2,1,1,48,327886,16,0,0,50,0,1
1,4,1,3,3,1,1,59,142182,9,0,0,40,0,1
1,1,3,5,4,1,1,49,38563,13,0,0,56,1,1
1,2,1,10,3,1,1,39,176186,10,0,0,50,0,1
1,1,1,5,3,1,1,44,48087,13,0,0,40,0,1
2,11,1,4,3,1,1,71,143437,14,10605,0,40,0,1
2,1,1,4,3,2,12,51,160724,13,0,2415,40,0,1
1,1,1,5,3,1,1,41,194636,13,0,0,60,0,1
1,4,1,11,3,1,1,39,117683,9,0,0,40,0,1
1,1,1,9,5,1,16,32,270335,13,0,0,40,0,1
1,1,1,4,3,1,1,38,95336,13,0,0,50,0,1
1,1,1,6,3,1,1,37,183800,13,7688,0,50,0,1
2,5,1,10,3,1,1,42,177307,15,0,0,65,0,1
1,1,1,5,3,1,1,30,87418,13,0,0,45,0,1
1,1,1,5,3,1,1,39,202027,13,15024,0,45,0,1
3,4,1,5,3,2,1,67,76860,9,0,0,40,0,1
1,11,1,5,3,1,1,51,138022,14,0,0,60,0,1
1,3,1,8,3,1,1,37,186934,7,3103,0,44,0,1
1,4,1,2,3,1,1,37,176900,9,0,0,99,0,1
1,5,1,6,3,1,1,41,132222,15,0,2415,40,0,1
1,1,3,4,4,1,1,31,111567,13,0,0,40,0,1
3,4,1,5,3,1,1,38,196373,9,0,0,40,0,1
3,1,1,5,1,1,1,36,108293,13,0,1977,45,1,1
6,4,1,6,1,1,1,44,174675,9,0,0,40,1,1
1,11,1,5,3,1,1,43,227065,14,0,0,43,0,1
3,2,1,4,3,1,1,44,398473,10,0,0,70,0,1
2,1,1,5,3,1,1,33,123424,13,0,0,40,0,1
1,6,1,5,3,1,1,42,176286,12,0,0,40,0,1
3,2,1,4,3,1,1,35,368825,10,0,0,60,0,1
1,1,1,5,3,2,8,48,164966,13,0,0,40,0,1
1,4,1,2,3,1,1,34,202046,9,0,0,35,0,1
1,1,0,5,4,1,1,67,105252,13,0,2392,40,0,1
6,11,1,6,3,1,1,40,188693,14,0,0,35,0,1
5,4,0,13,4,1,1,45,318280,9,0,0,40,0,1
1,4,1,9,3,1,1,47,192835,9,0,0,50,0,1
1,4,1,5,3,1,1,56,112840,9,0,0,55,0,1
4,1,2,5,6,1,1,48,33109,13,0,0,58,0,1
3,1,1,5,3,1,1,39,329980,13,15024,0,50,0,1
1,14,1,6,3,1,1,50,168212,16,0,1902,65,0,1
6,4,1,6,1,1,1,38,343642,9,0,0,40,1,1
3,4,1,5,3,1,1,39,180804,9,0,0,40,0,1
2,4,1,2,3,1,1,54,123011,9,15024,0,52,0,1
1,4,1,8,3,1,1,50,767403,9,3103,0,40,0,1
1,2,1,6,3,1,1,42,118494,10,0,0,44,0,1
1,7,1,1,1,1,1,33,26973,11,0,0,40,1,1
5,11,1,6,3,1,1,48,123075,14,0,0,35,0,1
2,1,1,5,3,1,1,50,83311,13,0,0,13,0,0
1,4,2,7,4,1,1,38,215646,9,0,0,40,0,0
1,3,1,7,3,5,1,53,234721,7,0,0,40,0,0
1,1,1,6,1,5,13,28,338409,13,0,0,40,1,0
1,11,1,5,1,1,1,37,284582,14,0,0,40,1,0
1,8,5,3,4,5,19,49,160187,5,0,0,16,1,0
1,1,3,9,2,1,1,23,122272,13,0,0,30,1,0
1,6,3,4,4,5,1,32,205019,12,0,0,50,0,0
1,9,1,11,3,3,21,34,245487,4,0,0,45,0,0
2,4,3,10,2,1,1,25,176756,9,0,0,35,0,0
1,4,3,8,6,1,1,32,186824,9,0,0,40,0,0
1,3,1,4,3,1,1,38,28887,7,0,0,50,0,0
1,4,0,3,6,5,1,54,302146,9,0,0,20,1,0
4,8,1,10,3,5,1,35,76845,5,0,0,40,0,0
1,3,1,11,3,1,1,43,117037,7,0,2042,40,0,0
1,4,2,1,6,1,1,59,109015,9,0,0,40,1,0
1,4,3,2,2,1,1,19,168294,9,0,0,40,0,0
1,4,2,5,4,1,1,39,367260,9,0,0,80,0,0
1,4,1,2,3,1,1,49,193366,9,0,0,40,0,0
5,6,3,13,4,1,1,23,190709,12,0,0,52,0,0
1,2,3,4,2,5,1,20,266015,10,0,0,44,0,0
1,1,2,5,2,1,1,45,386940,13,0,1408,40,0,0
4,2,1,9,2,1,1,30,59951,10,0,0,40,0,0
6,2,1,3,3,5,1,22,311512,10,0,0,15,0,0
1,3,3,8,6,1,4,48,242406,7,0,0,40,0,0
1,2,3,8,2,1,1,21,197200,10,0,0,40,0,0
1,4,6,9,1,1,1,19,544091,9,0,0,25,1,0
2,6,1,6,3,1,1,48,265477,12,0,0,40,0,0
1,8,1,8,3,1,1,31,507875,5,0,0,43,0,0
2,1,1,6,3,1,1,53,88506,13,0,0,40,0,0
1,1,1,1,3,1,1,24,172987,13,0,0,50,0,0
1,4,0,9,6,1,1,49,94638,9,0,0,40,1,0
1,4,3,7,4,1,1,25,289980,9,0,0,35,0,0
1,4,1,8,3,1,1,53,144361,9,0,0,38,0,0
1,11,2,5,6,1,1,44,128354,14,0,0,40,1,0
6,7,1,2,3,1,1,41,101603,11,0,0,40,0,0
1,7,3,6,4,1,1,29,271466,11,0,0,43,0,0
1,2,1,5,1,4,1,25,32275,10,0,0,40,1,0
1,4,3,3,2,1,0,18,226956,9,0,0,30,1,0
3,4,2,5,4,1,1,47,109832,9,0,0,60,0,0
1,15,1,8,3,1,21,46,216666,3,0,0,40,0,0
1,7,1,3,3,1,4,35,56352,11,0,0,40,0,0
1,4,1,9,3,1,1,41,147372,9,0,0,48,0,0
1,4,1,8,3,1,1,30,188146,9,5013,0,40,0,0
1,1,1,4,3,1,1,30,59496,13,2407,0,40,0,0
0,9,5,0,4,1,0,32,293936,4,0,0,40,0,0
1,4,1,11,3,1,1,48,149640,9,0,0,40,0,0
1,2,2,1,4,1,1,29,105598,10,0,0,58,0,0
1,4,1,2,3,1,1,36,155537,9,0,0,40,0,0
1,2,2,9,4,1,1,28,183175,10,0,0,40,1,0
0,2,3,0,2,1,1,25,200681,10,0,0,40,0,0
1,2,3,6,2,1,1,19,101509,10,0,0,32,0,0
1,1,0,4,2,5,1,31,309974,13,0,0,40,1,0
1,2,3,8,4,1,1,23,211678,10,0,0,40,0,0
1,2,1,6,5,1,1,79,124744,10,0,0,20,0,0
1,4,3,3,2,1,21,27,213921,9,0,0,40,0,0
1,6,1,9,3,1,1,40,32214,12,0,0,40,0,0
0,13,1,0,3,1,1,67,212759,6,0,0,2,0,0
1,3,3,3,2,1,1,18,309634,7,0,0,22,1,0
5,9,1,10,3,1,1,31,125927,4,0,0,40,0,0
1,4,3,4,4,1,1,18,446839,9,0,0,30,0,0
1,1,1,3,3,1,13,52,276515,13,0,0,40,0,0
1,4,1,3,1,1,1,46,51618,9,0,0,40,1,0
1,4,1,4,3,1,1,59,159937,9,0,0,48,0,0
1,4,2,4,2,1,1,53,346253,9,0,0,35,1,0
1,11,1,6,3,1,1,33,202051,14,0,0,50,0,0
1,8,3,4,4,1,1,30,54334,5,0,0,40,0,0
1,7,1,6,3,1,1,57,249977,11,0,0,40,0,0
1,2,2,2,6,1,1,37,286730,10,0,0,40,1,0
1,2,2,8,6,5,1,28,212563,10,0,0,25,1,0
1,4,1,4,1,2,0,30,117747,9,0,1573,35,1,0
5,2,3,7,4,1,1,29,115585,10,0,0,50,0,0
1,6,2,5,6,1,3,48,171095,12,0,0,40,1,0
4,4,3,3,2,5,1,32,249409,9,0,0,40,0,0
2,11,3,6,4,1,1,47,149116,14,0,0,50,1,0
1,2,3,1,2,1,1,20,188300,10,0,0,40,1,0
1,4,3,2,4,1,1,29,103432,9,0,0,40,0,0
0,13,3,0,2,1,1,17,304873,6,34095,0,32,1,0
1,3,3,7,2,1,1,30,194901,7,0,0,40,0,0
5,4,3,9,4,1,1,31,189265,9,0,0,40,1,0
1,4,1,7,3,1,1,42,124692,9,0,0,40,0,0
1,1,3,4,5,1,1,24,432376,13,0,0,40,0,0
1,2,1,4,1,1,1,28,377869,10,4064,0,25,1,0
1,4,3,8,2,1,1,36,102864,9,0,0,40,1,0
1,8,1,7,3,1,1,53,95647,5,0,0,50,0,0
3,2,1,4,3,1,1,56,303090,10,0,0,50,0,0
1,2,1,4,3,1,1,55,247552,10,0,0,56,0,0
1,4,3,2,4,1,1,22,102632,9,0,0,41,0,0
1,2,3,3,2,1,1,21,199915,10,0,0,40,1,0
1,1,1,5,3,1,1,40,118853,13,0,0,60,0,0
1,1,3,5,2,5,6,30,77143,13,0,0,40,0,0
1,2,3,3,2,5,1,19,301606,10,0,0,35,0,0
1,2,3,9,2,1,1,20,111697,10,0,1719,28,1,0
0,4,1,0,3,1,1,35,129305,9,0,0,40,0,0
1,2,2,2,4,1,1,39,365739,10,0,0,40,0,0
1,6,3,4,4,1,1,28,69621,12,0,0,60,1,0
1,4,3,3,4,1,1,24,43323,9,0,1762,40,1,0
2,4,1,2,3,1,1,38,120985,9,4386,0,35,0,0
1,1,1,4,3,1,1,37,254202,13,0,0,50,0,0
1,6,2,1,4,5,1,46,146195,12,0,0,36,1,0
2,4,1,2,3,1,1,43,56920,9,0,0,60,0,0
1,7,1,9,1,1,1,27,163127,11,0,0,35,1,0
1,2,3,4,2,1,1,20,34310,10,0,0,20,0,0
3,4,1,2,3,1,1,61,66614,9,0,0,40,0,0
1,2,3,4,2,1,1,27,232782,10,0,0,40,1,0
1,2,3,3,2,1,21,19,316868,10,0,0,30,0,0
1,2,3,1,5,1,1,70,105376,10,0,0,40,0,0
1,4,3,11,6,5,1,31,185814,9,0,0,30,1,0
1,2,1,3,3,1,1,22,175374,10,0,0,24,0,0
1,4,0,3,6,1,1,36,108293,9,0,0,24,1,0
1,3,1,2,3,1,1,64,181232,7,0,2179,40,0,0
0,2,2,0,4,1,1,43,174662,10,0,0,40,1,0
5,2,2,9,6,1,21,47,186009,10,0,0,38,1,0
1,4,3,9,4,1,1,34,198183,9,0,0,40,1,0
1,1,3,5,5,2,16,33,163003,13,0,0,40,1,0
1,4,3,2,2,1,1,21,296158,9,0,0,35,0,0
1,4,1,2,3,1,1,48,187715,9,0,0,46,0,0
1,1,3,7,4,1,1,23,214542,13,0,0,40,0,0
2,2,0,4,6,5,1,71,494223,10,0,1816,2,0,0
1,4,2,2,4,1,1,29,191535,9,0,0,60,0,0
1,1,0,3,5,5,1,42,228456,13,0,0,50,0,0
0,12,2,0,4,1,1,68,38317,2,0,0,20,1,0
1,4,3,3,6,1,1,25,252752,9,0,0,40,1,0
3,11,2,5,6,2,1,44,78374,14,0,0,40,1,0
1,4,3,5,4,2,3,28,88419,9,0,0,40,1,0
1,2,2,3,6,1,21,36,207157,10,0,0,40,1,0
4,6,3,5,4,1,1,39,235485,12,0,0,42,0,0
6,11,0,13,6,1,1,46,102628,14,0,0,40,0,0
1,3,3,7,2,1,1,18,25828,7,0,0,16,0,0
5,7,0,6,4,1,1,66,54826,11,0,0,20,1,0
1,4,3,3,4,1,1,27,124953,9,0,1980,40,0,0
6,4,1,13,3,1,1,28,175325,9,0,0,40,0,0
1,1,3,2,4,1,1,27,428030,13,0,0,50,0,0
1,4,5,4,6,1,1,27,253814,9,0,0,25,1,0
1,4,3,2,2,5,1,21,312956,9,0,0,40,0,0
1,4,3,7,4,5,1,34,483777,9,0,0,40,0,0
1,4,3,3,2,1,1,18,183930,9,0,0,12,0,0
1,1,1,6,3,1,1,33,37274,13,0,0,65,0,0
1,2,2,9,4,1,1,43,114580,10,0,0,40,1,0
1,2,3,2,4,5,1,30,633742,10,0,0,45,0,0
1,4,1,9,3,5,1,34,304030,9,0,0,40,0,0
2,1,2,5,4,1,1,41,143129,13,0,0,40,1,0
0,1,2,0,4,1,1,53,135105,13,0,0,50,1,0
1,11,1,6,1,1,1,31,99928,14,0,0,50,1,0
1,2,2,8,4,5,1,38,155222,10,0,0,28,1,0
1,2,1,8,3,1,1,24,159567,10,0,0,40,0,0
5,1,1,2,3,5,1,41,523910,13,0,0,40,0,0
1,2,1,1,3,1,1,47,120939,10,0,0,45,0,0
4,1,1,1,3,1,1,41,130760,13,0,0,24,0,0
1,15,1,11,5,1,21,23,197387,3,0,0,40,0,0
1,2,2,2,4,1,1,36,99374,10,0,0,40,0,0
2,4,3,4,4,1,1,24,32921,9,0,0,40,0,0
1,11,3,6,4,1,1,26,397317,14,0,1876,40,1,0
0,4,3,0,2,1,17,19,170653,9,0,0,40,0,0
5,2,3,6,4,1,1,42,254817,10,0,1340,40,1,0
6,4,2,9,6,1,1,37,48211,9,0,0,35,1,0
1,3,3,4,2,1,1,18,140164,7,0,0,40,1,0
1,4,2,2,4,1,1,35,36270,9,0,0,60,0,0
1,3,3,4,2,1,1,17,65368,7,0,0,12,1,0
5,4,1,11,3,5,1,44,160943,9,0,0,40,0,0
1,2,3,4,4,3,1,35,153790,10,0,0,40,1,0
1,4,1,2,3,2,1,60,85815,9,0,0,40,0,0
1,6,2,4,4,1,1,50,313321,12,0,0,40,1,0
1,1,1,4,3,1,18,38,182609,13,0,0,50,0,0
1,1,1,6,3,1,1,45,109434,13,0,0,55,0,0
1,13,3,2,4,1,1,25,255004,6,0,0,40,0,0
1,2,1,7,3,1,1,31,197860,10,0,0,40,0,0
0,12,2,0,4,1,1,64,187656,2,0,0,40,0,0
1,4,3,3,4,5,1,90,51744,9,0,2206,40,0,0
1,4,1,9,3,5,1,54,176681,9,0,0,20,0,0
5,16,3,8,4,1,1,53,140359,1,0,0,35,1,0
1,4,3,4,2,1,1,18,243313,9,0,0,40,1,0
0,13,2,0,4,3,1,60,24215,6,0,0,10,1,0
2,4,1,10,3,1,1,66,167687,9,1409,0,50,0,0
1,7,0,9,4,1,30,75,314209,11,0,0,20,1,0
1,4,2,9,4,1,1,65,176796,9,0,0,40,1,0
1,3,0,11,4,5,1,35,538583,7,3674,0,40,0,0
1,4,2,4,6,5,1,41,130408,9,0,0,38,1,0
1,2,3,9,4,1,1,25,159732,10,0,0,42,0,0
1,2,2,2,5,4,1,33,110978,10,0,0,40,1,0
6,4,1,3,3,1,1,59,268700,9,0,0,40,0,0
6,2,3,9,4,1,1,40,170525,10,0,0,38,1,0
1,4,3,11,2,1,1,23,115458,9,0,0,40,0,0
2,4,1,3,1,1,1,41,196001,9,0,0,20,1,0
6,6,1,13,3,1,1,24,273905,12,0,0,50,0,0
0,2,3,0,2,1,1,20,119156,10,0,0,20,0,0
1,2,2,2,4,1,1,38,179488,10,0,1741,40,0,0
1,4,1,9,3,1,0,56,203580,9,0,0,35,0,0
1,4,3,3,4,1,1,32,183916,9,0,0,34,1,0
1,4,1,9,3,1,0,45,153141,9,0,0,40,0,0
1,1,1,9,1,5,1,42,390781,13,0,0,40,1,0
5,13,0,3,6,5,1,59,171328,6,0,0,30,1,0
5,2,3,9,2,1,1,19,27382,10,0,0,40,0,0
1,2,3,11,4,1,1,58,259014,10,0,0,20,0,0
1,4,3,3,2,1,1,20,117789,9,0,0,40,1,0
1,4,0,3,4,1,1,32,172579,9,0,0,30,1,0
1,7,0,5,4,1,1,45,187666,11,0,0,45,1,0
1,9,2,2,4,1,1,50,204518,4,0,0,40,0,0
1,1,2,6,2,1,1,36,150042,13,0,0,40,1,0
1,4,1,4,3,1,1,45,98092,9,0,0,60,0,0
1,3,3,3,2,1,1,17,245918,7,0,0,12,0,0
1,2,1,4,3,1,1,59,146013,10,4064,0,40,0,0
1,3,1,2,3,1,1,26,378322,7,0,0,40,0,0
0,2,3,0,2,1,5,19,218956,10,0,0,24,0,0
1,1,3,6,4,1,1,33,185480,13,0,0,45,1,0
1,8,3,3,2,1,1,17,191260,5,1055,0,24,0,0
2,11,1,10,3,1,1,50,30653,14,2407,0,98,0,0
5,11,3,6,2,1,1,27,209109,14,0,0,35,0,0
1,4,2,6,2,1,1,30,70377,9,0,0,40,1,0
1,4,1,7,3,5,1,43,477983,9,0,0,40,0,0
1,2,3,5,4,1,1,35,190174,10,0,0,40,1,0
1,2,3,1,2,1,1,25,193787,10,0,0,40,1,0
1,1,3,6,4,1,6,22,34918,13,0,0,15,1,0
1,6,2,4,6,5,1,34,175413,12,0,0,45,1,0
1,1,2,6,4,1,1,60,173960,13,0,0,42,1,0
1,4,3,7,2,1,1,21,205759,9,0,0,40,0,0
1,2,2,3,4,1,1,50,176609,10,0,0,45,0,0
1,1,3,5,4,1,1,25,371987,13,0,0,40,1,0
1,9,1,2,3,1,27,50,193884,4,0,0,40,0,0
1,1,1,6,3,1,1,36,200352,13,0,0,45,0,0
1,4,2,6,4,1,1,31,127595,9,0,0,40,1,0
5,1,3,13,4,1,1,29,220419,13,0,0,56,0,0
1,2,3,4,2,1,1,21,231931,10,0,0,45,0,0
1,1,3,1,6,5,1,27,248402,13,0,0,40,1,0
1,4,1,11,3,1,1,65,111095,9,0,0,16,0,0
3,1,2,4,4,1,1,37,57424,13,0,0,60,1,0
0,11,1,0,1,2,0,39,157443,14,3464,0,40,1,0
1,4,3,2,2,1,1,24,278130,9,0,0,40,0,0
1,4,2,4,4,1,1,38,169469,9,0,0,80,0,0
1,2,3,3,4,2,1,21,153718,10,0,0,25,1,0
1,2,1,9,1,2,26,24,303296,10,0,0,40,1,0
1,4,2,9,4,1,1,43,173321,9,0,0,40,1,0
1,6,3,1,4,1,1,26,193945,12,0,0,45,0,0
1,6,3,6,4,1,1,46,83082,12,0,0,33,1,0
1,1,3,4,4,1,1,26,59306,13,0,0,40,0,0
0,2,3,0,2,5,1,19,860348,10,0,0,25,1,0
1,2,3,4,2,1,1,22,199698,10,0,0,15,0,0
1,2,3,8,4,1,1,24,191954,10,0,0,40,0,0
2,2,1,4,3,1,1,77,138714,10,0,0,40,0,0
1,15,1,8,5,1,21,22,399087,3,0,0,40,1,0
1,2,3,1,4,1,1,29,423158,10,0,0,40,1,0
1,4,0,3,4,1,1,62,159841,9,0,0,24,1,0
2,4,1,5,3,1,1,39,174308,9,0,0,40,0,0
1,2,1,2,3,1,1,43,50356,10,0,1485,50,0,0
1,4,2,11,4,1,1,35,186110,9,0,0,45,0,0
1,3,3,5,4,1,1,29,200381,7,0,0,40,1,0
2,11,1,2,3,1,1,76,174309,14,0,0,10,0,0
2,4,1,10,3,1,1,63,78383,9,0,0,45,0,0
0,7,3,0,2,5,1,23,211601,11,0,0,15,1,0
2,4,1,7,3,1,1,58,321171,9,0,0,40,0,0
1,4,3,11,4,1,1,66,127921,9,2050,0,55,0,0
1,2,3,2,4,5,1,41,206565,10,0,0,45,0,0
1,1,3,9,4,1,1,26,224563,13,0,0,40,0,0
1,7,3,3,4,1,1,47,178686,11,0,0,40,0,0
5,13,1,9,3,1,1,55,98545,6,0,0,40,0,0
1,4,1,11,3,1,1,53,242606,9,0,0,40,0,0
1,15,3,3,5,1,21,17,270942,3,0,0,48,0,0
1,4,3,2,5,1,1,30,94235,9,0,0,40,0,0
1,11,3,6,4,1,1,49,71195,14,0,0,60,0,0
1,4,3,4,6,5,29,19,104112,9,0,0,30,0,0
1,4,1,3,3,5,1,45,261192,9,0,0,40,0,0
1,6,3,4,4,1,1,26,94936,12,0,0,40,0,0
1,4,3,10,4,1,1,33,85043,9,0,0,20,0,0
6,2,3,13,2,5,1,22,293364,10,0,0,40,1,0
2,1,3,4,4,1,1,43,241895,13,0,0,42,0,0
0,3,1,0,3,1,1,67,36135,7,0,0,8,0,0
0,7,2,0,6,1,1,30,151989,11,0,0,40,1,0
1,6,5,3,4,1,14,56,101128,12,0,0,25,0,0
1,1,3,6,2,1,1,31,156464,13,0,0,25,0,0
1,4,1,3,3,1,1,26,192262,9,0,0,40,0,0
5,3,1,11,3,1,1,46,329752,7,0,0,30,0,0
1,3,0,3,6,4,1,65,161400,7,0,0,40,0,0
1,4,1,9,1,1,1,42,111949,9,0,0,35,1,0
2,8,1,2,3,1,22,26,117125,5,0,0,40,0,0
1,13,1,3,1,1,1,36,348022,6,0,0,24,1,0
1,1,1,11,3,1,1,43,180609,13,0,0,45,0,0
1,4,5,4,4,1,1,22,410439,9,0,0,55,0,0
1,4,1,2,3,1,1,28,92262,9,0,0,40,0,0
2,2,1,4,3,1,1,56,183081,10,0,0,45,0,0
1,6,3,4,4,1,1,22,362589,12,0,0,15,1,0
1,4,2,4,6,1,1,39,481060,9,0,0,40,1,0
4,2,3,9,6,1,1,26,185885,10,0,0,15,1,0
1,3,3,3,2,1,1,17,89821,7,0,0,10,0,0
1,4,1,8,3,5,1,45,256649,9,0,0,40,0,0
1,4,3,2,4,5,1,44,160323,9,0,0,40,0,0
5,2,3,9,2,1,1,20,350845,10,0,0,10,1,0
1,4,1,2,1,1,1,33,267404,9,0,0,40,1,0
1,2,3,4,4,1,1,23,35633,10,0,0,40,0,0
2,11,2,5,4,1,1,46,80914,14,0,0,30,0,0
1,4,1,4,3,1,1,38,172927,9,0,0,50,0,0
1,4,2,11,4,1,1,54,174319,9,0,0,40,0,0
1,15,2,2,4,1,1,46,214955,3,0,2339,45,1,0
1,2,1,2,3,1,1,25,344991,10,0,0,40,0,0
1,2,2,4,4,1,1,46,108699,10,0,0,40,1,0
5,2,1,11,1,1,1,36,117312,10,0,0,40,1,0
1,4,3,3,4,1,1,23,396099,9,0,0,25,1,0
1,4,0,8,4,1,1,29,134152,9,0,0,40,0,0
1,2,3,9,2,1,1,19,25429,10,0,0,16,1,0
1,4,3,3,5,1,1,19,232392,9,0,0,40,1,0
1,1,3,2,4,1,1,27,301302,13,0,0,50,0,0
2,6,0,2,4,1,1,46,277946,12,0,0,40,0,0
1,4,3,3,4,1,1,34,196164,9,0,0,35,1,0
1,2,1,1,3,1,1,44,115562,10,0,0,40,0,0
1,2,2,7,6,1,1,45,96975,10,0,0,40,1,0
0,4,3,0,5,1,1,20,137300,9,0,0,35,1,0
1,2,3,7,2,1,1,20,416103,10,0,0,40,0,0
1,2,3,3,4,1,1,28,108574,10,0,0,40,1,0
1,7,2,1,4,1,1,34,227689,11,0,0,64,1,0
1,9,1,7,3,4,4,28,166481,4,0,2179,40,0,0
1,4,1,9,3,1,1,28,110145,9,0,0,40,0,0
2,4,1,2,3,1,1,46,317253,9,0,0,25,0,0
1,2,1,5,3,1,1,32,364657,10,0,0,50,0,0
5,2,2,3,4,5,1,41,42346,10,0,0,24,1,0
1,4,3,7,6,5,1,24,241951,9,0,0,40,1,0
1,2,2,5,6,1,1,33,118500,10,0,0,40,1,0
6,2,1,8,3,1,1,31,1033222,10,0,0,40,0,0
1,12,1,8,3,1,21,52,190762,2,0,0,40,0,0
1,3,3,3,2,1,1,30,426017,7,0,0,19,1,0
5,3,0,8,4,5,1,34,243867,7,0,0,40,0,0
6,4,2,11,6,1,1,34,240283,9,0,0,40,1,0
1,2,1,4,3,1,1,20,61777,10,0,0,30,0,0
1,3,3,7,2,1,1,17,175024,7,2176,0,18,0,0
1,4,2,10,4,1,1,29,188401,9,0,0,40,0,0
1,13,3,2,6,1,1,33,228528,6,0,0,35,1,0
1,4,1,11,3,1,1,25,133373,9,0,0,60,0,0
4,11,3,6,4,1,1,36,255191,14,0,1408,40,0,0
1,4,3,7,4,1,25,23,204653,9,0,0,72,0,0
5,11,1,6,3,1,1,47,287480,14,0,0,40,0,0
0,4,0,0,4,1,1,80,107762,9,0,0,24,0,0
0,3,3,0,2,1,1,17,202521,7,0,0,40,0,0
2,1,5,6,4,1,1,40,204116,13,2174,0,40,1,0
1,2,3,2,2,2,16,27,116358,10,0,1980,40,0,0
5,4,3,10,4,5,1,34,284843,9,594,0,60,0,0
5,2,3,13,4,1,1,34,117018,10,0,0,40,1,0
1,2,1,9,3,1,1,23,81281,10,0,0,40,0,0
5,2,1,9,1,1,1,42,340148,10,0,0,40,1,0
1,1,3,6,4,1,1,29,363425,13,0,0,40,0,0
1,4,2,9,4,1,1,45,45857,9,0,0,28,1,0
4,4,3,14,2,1,1,24,191073,9,0,0,40,0,0
1,8,3,2,5,1,21,27,405855,5,0,0,40,0,0
1,2,3,4,4,1,1,20,298227,10,0,0,35,0,0
1,4,0,5,6,5,1,44,290521,9,0,0,40,1,0
1,4,1,2,3,3,1,51,56915,9,0,0,40,0,0
1,4,1,8,3,1,1,20,146538,9,0,0,40,0,0
0,3,3,0,2,1,1,17,258872,7,0,0,5,1,0
1,4,3,8,2,5,1,19,206399,9,0,0,40,1,0
1,4,1,5,1,1,1,30,180374,9,0,0,40,1,0
1,2,1,11,3,5,1,38,351299,10,0,0,50,0,0
1,4,1,11,3,1,1,23,54012,9,0,0,60,0,0
0,2,1,0,3,1,1,32,115745,10,0,0,40,0,0
1,6,3,10,2,1,1,44,116632,12,0,0,40,0,0
5,4,1,11,3,5,1,54,288825,9,0,0,40,0,0
1,1,1,6,3,1,1,32,132601,13,0,0,50,0,0
1,12,5,2,6,1,1,50,193374,2,0,0,40,0,0
1,1,3,1,4,1,1,24,170070,13,0,0,20,1,0
1,4,1,9,1,1,1,37,126708,9,0,0,60,1,0
1,4,2,11,6,1,1,52,35598,9,0,0,40,0,0
1,2,1,11,3,1,1,38,33983,10,0,0,40,0,0
0,2,3,0,2,1,1,22,139883,10,0,0,40,0,0
1,4,3,2,4,1,1,35,285020,9,0,0,40,0,0
1,4,3,11,4,1,1,30,303990,9,0,0,60,0,0
1,7,2,3,4,1,1,67,49401,11,0,0,24,1,0
1,1,3,2,4,1,1,46,279196,13,0,0,40,1,0
1,8,3,3,4,1,1,17,211870,5,0,0,6,0,0
1,2,3,7,2,1,1,22,281432,10,0,0,30,0,0
1,13,3,3,4,1,1,27,161155,6,0,0,40,0,0
1,4,3,3,6,1,1,23,197904,9,0,0,35,1,0
1,6,1,2,3,1,22,33,111746,12,0,0,45,0,0
2,2,1,2,3,1,1,43,170721,10,0,0,20,0,0
6,1,3,6,4,1,1,28,70100,13,0,0,20,0,0
1,4,5,2,6,1,1,41,193626,9,0,0,40,1,0
0,10,3,0,5,5,1,52,271749,8,594,0,40,0,0
1,2,5,9,2,5,1,25,189775,10,0,0,20,1,0
0,12,1,0,3,1,1,63,401531,2,0,0,35,0,0
5,4,1,11,3,1,1,59,286967,9,0,0,45,0,0
5,1,2,6,6,1,1,45,164427,13,0,0,40,1,0
1,4,3,3,4,1,1,40,347934,9,0,0,35,1,0
4,4,2,9,4,1,1,46,371373,9,0,0,40,0,0
1,6,3,5,4,1,1,35,32220,12,0,0,60,1,0
1,4,2,6,6,1,1,34,187251,9,0,0,25,1,0
1,1,3,2,2,1,1,33,178107,13,0,0,20,0,0
1,4,2,9,6,1,1,41,343121,9,0,0,36,1,0
1,2,3,8,2,1,1,20,262749,10,0,0,40,0,0
1,15,3,3,2,1,37,23,403107,3,0,0,40,0,0
1,2,3,6,4,1,1,26,64293,10,0,0,35,1,0
0,4,1,0,3,1,1,72,303588,9,0,0,20,0,0
5,4,3,10,4,1,18,23,324960,9,0,0,40,0,0
5,4,1,11,3,1,1,62,114060,9,0,0,40,0,0
1,2,1,9,3,1,1,52,48925,10,0,0,40,0,0
1,2,2,3,6,1,24,58,180980,10,0,0,42,1,0
1,1,3,4,4,1,1,25,181054,13,0,0,40,1,0
1,1,3,5,4,5,1,24,388093,13,0,0,40,0,0
1,2,3,13,2,1,1,19,249609,10,0,0,8,0,0
1,2,1,5,3,1,1,43,112131,10,0,0,40,0,0
5,4,0,9,6,5,1,47,543162,9,0,0,40,1,0
1,4,2,3,6,1,1,39,91996,9,0,0,40,1,0
1,7,5,7,6,1,1,49,141944,11,0,1380,42,0,0
0,15,0,0,6,5,1,53,251804,3,0,0,30,1,0
1,7,3,2,4,1,1,32,37070,11,0,0,45,0,0
1,4,2,2,4,1,1,28,189346,9,0,0,45,0,0
0,7,0,0,6,1,1,57,222216,11,0,0,38,1,0
1,2,3,9,4,3,1,25,267044,10,0,0,20,1,0
0,2,3,0,2,1,1,20,214635,10,0,0,24,0,0
0,2,3,0,6,1,1,21,204226,10,0,0,35,1,0
5,2,2,7,4,5,1,24,248344,10,0,0,50,0,0
1,2,1,4,1,1,1,28,85812,10,0,0,40,1,0
1,2,2,9,4,1,1,74,99183,10,0,0,9,1,0
2,4,1,2,3,1,1,38,190387,9,0,0,50,0,0
2,11,1,6,3,1,1,44,202692,14,0,0,40,0,0
1,3,2,8,6,4,4,44,109339,7,0,0,46,1,0
1,4,3,8,4,1,1,26,108658,9,0,0,40,0,0
1,4,1,3,3,5,1,36,197202,9,0,0,40,0,0
5,10,1,1,3,1,1,39,207853,8,0,0,50,0,0
1,12,0,12,4,5,1,57,190942,2,0,0,30,1,0
1,7,0,2,4,1,1,29,102345,11,0,0,40,0,0
3,1,3,10,4,1,1,31,41493,13,0,0,45,1,0
0,4,3,0,6,5,1,34,190027,9,0,0,40,1,0
1,2,1,11,3,1,1,44,210525,10,0,0,40,0,0
1,14,3,6,2,1,1,29,133937,16,0,0,40,0,0
1,2,3,7,6,1,1,30,237903,10,0,0,40,1,0
1,4,3,11,4,1,1,27,163862,9,0,0,40,0,0
1,2,1,4,3,1,1,27,201872,10,0,0,50,0,0
1,4,3,7,4,1,1,32,84179,9,0,0,45,1,0
1,13,1,3,1,1,1,58,51662,6,0,0,8,1,0
5,2,1,13,3,1,1,35,233327,10,0,0,40,0,0
1,4,3,7,2,1,1,21,259510,9,0,0,36,0,0
1,2,3,2,6,1,1,28,184831,10,0,0,40,0,0
2,2,2,5,4,1,1,46,245724,10,0,0,50,0,0
2,4,0,3,6,1,1,36,27053,9,0,0,40,1,0
1,3,0,9,6,1,1,72,205343,7,0,0,40,1,0
1,4,1,8,1,5,1,35,229328,9,0,0,40,1,0
1,3,3,8,4,1,1,69,136218,7,0,0,40,1,0
1,4,1,8,3,1,1,35,54576,9,0,0,40,0,0
1,4,0,9,6,1,0,31,323069,9,0,0,20,1,0
1,4,1,1,1,1,1,34,148291,9,0,0,32,1,0
1,3,1,3,3,1,21,30,152453,7,0,0,40,0,0
1,1,3,11,4,1,1,28,114053,13,0,0,55,0,0
1,4,3,7,6,5,1,24,82804,9,0,0,40,1,0
1,4,3,7,2,3,1,20,27337,9,0,0,48,0,0
3,11,1,5,3,1,1,43,188436,14,5013,0,45,0,0
1,9,0,3,6,1,21,45,433665,4,0,0,40,1,0
2,4,0,2,4,1,1,29,110663,9,0,0,35,0,0
1,11,2,5,6,1,1,47,87490,14,0,0,42,0,0
1,4,3,2,2,1,1,24,354351,9,0,0,40,0,0
1,4,1,6,3,1,1,51,95469,9,0,0,40,0,0
1,3,3,4,2,1,1,17,242718,7,0,0,12,0,0
1,14,3,6,4,1,1,27,158156,16,0,0,70,1,0
0,10,3,0,2,1,1,18,165532,8,0,0,25,0,0
2,6,2,4,6,1,1,36,28738,12,0,0,35,1,0
5,1,3,6,4,1,1,58,283635,13,0,0,40,1,0
2,2,1,2,3,1,1,26,86646,10,0,0,45,0,0
1,4,1,2,3,1,1,59,199713,9,0,0,40,0,0
1,4,1,8,3,1,1,27,181659,9,0,0,40,0,0
2,1,3,1,4,1,1,31,340939,13,0,0,40,0,0
1,2,3,4,2,1,1,21,197747,10,0,0,24,1,0
1,2,3,9,4,1,1,29,34292,10,0,0,60,0,0
1,3,3,3,2,1,1,18,156764,7,0,0,40,0,0
3,1,2,6,4,1,1,57,103948,13,0,0,80,0,0
0,4,1,0,3,1,1,42,137390,9,0,0,40,0,0
0,4,1,0,1,2,1,55,105138,9,0,0,40,1,0
1,1,3,9,2,1,1,23,117789,13,0,0,40,1,0
1,4,3,4,2,1,1,27,267147,9,0,0,40,0,0
0,2,3,0,6,3,1,23,99399,10,0,0,25,1,0
1,2,3,1,4,1,1,25,200408,10,2174,0,40,0,0
1,1,3,6,4,1,1,49,136455,13,0,0,45,1,0
1,1,3,1,4,1,1,32,239824,13,0,0,40,0,0
1,2,3,9,2,1,1,19,217039,10,0,0,28,0,0
1,9,2,3,4,1,1,60,51290,4,0,0,40,1,0
5,8,1,3,3,1,1,42,175674,5,0,0,40,0,0
2,6,3,10,4,1,1,35,194404,12,0,0,40,0,0
1,4,3,9,6,5,1,48,45612,9,0,0,37,1,0
1,4,3,2,4,3,1,29,182521,9,0,0,40,0,0
5,4,0,5,4,5,1,36,339772,9,0,0,40,0,0
1,13,3,3,2,1,1,17,169658,6,0,0,21,1,0
1,11,2,6,4,1,1,52,200853,14,6849,0,60,1,0
1,4,3,2,4,1,1,24,247564,9,0,0,40,0,0
1,4,1,7,3,1,1,24,249909,9,0,0,50,0,0
5,1,3,6,2,1,1,26,208122,13,1055,0,40,0,0
1,1,3,3,2,1,1,27,109881,13,0,0,20,1,0
1,4,3,7,2,1,1,39,207824,9,0,0,60,0,0
1,4,1,11,3,5,1,30,369027,9,0,0,45,0,0
2,4,1,5,3,1,1,50,114117,9,0,0,32,0,0
3,1,1,4,3,1,1,52,51048,13,0,0,55,0,0
1,1,3,4,2,1,1,23,190483,13,0,0,20,1,0
1,3,0,3,4,5,1,45,462440,7,0,0,20,1,0
1,8,0,12,6,5,1,65,109351,5,0,0,24,1,0
1,7,1,11,3,1,1,29,34383,11,0,0,55,0,0
1,8,5,7,6,1,37,47,241832,5,0,0,40,0,0
1,4,3,10,2,5,1,30,124187,9,0,0,60,0,0
2,4,1,4,3,1,1,38,267556,9,0,0,64,0,0
2,2,3,3,6,5,1,47,165039,10,0,0,40,1,0
5,13,0,3,6,5,1,49,120451,6,0,0,40,1,0
2,4,1,2,3,1,1,58,35723,9,0,0,60,0,0
1,4,3,3,2,1,1,19,262601,9,0,0,14,1,0
1,1,3,7,4,1,1,21,226181,13,0,0,40,0,0
3,15,1,11,3,1,13,47,248145,3,0,0,50,0,0
1,4,2,2,4,1,1,26,75654,9,0,0,55,0,0
1,4,1,2,3,1,1,60,199378,9,0,0,40,0,0
1,2,3,7,2,1,1,21,160968,10,0,0,40,0,0
1,2,1,2,3,1,1,31,55849,10,0,0,45,0,0
5,4,2,9,6,1,1,31,402089,9,0,0,40,1,0
1,4,1,2,3,1,1,71,78277,9,0,0,15,0,0
0,4,1,0,3,1,1,58,158611,9,0,0,50,0,0
1,2,3,3,2,1,1,20,130959,10,0,0,20,0,0
1,4,3,5,5,1,1,24,556660,9,4101,0,50,0,0
6,2,0,5,4,1,1,38,143774,10,0,0,45,1,0
1,4,3,8,2,1,1,27,288341,9,0,0,32,1,0
6,2,3,9,6,2,16,29,71592,10,0,0,40,1,0
0,8,0,0,6,1,1,70,167358,5,1111,0,15,1,0
1,4,1,2,3,1,1,34,106742,9,0,0,45,0,0
1,9,1,2,3,1,1,44,219288,4,0,0,35,0,0
1,11,3,4,4,1,1,35,261293,14,0,0,60,0,0
1,2,3,6,4,1,1,27,111900,10,0,0,40,0,0
5,11,3,6,4,1,1,43,194360,14,0,0,38,0,0
1,2,3,4,4,1,1,20,81145,10,0,0,25,1,0
6,2,1,11,3,1,1,27,249362,10,3411,0,40,0,0
0,3,5,0,2,2,11,20,114746,7,0,1762,40,1,0
1,8,3,8,4,1,1,24,172146,5,0,1721,40,0,0
4,2,2,5,4,1,1,48,110457,10,0,0,40,0,0
0,3,3,0,2,1,1,17,80077,7,0,0,20,1,0
2,3,3,10,2,1,1,17,368700,7,0,0,10,0,0
1,4,3,4,2,1,1,22,240817,9,2597,0,40,1,0
1,10,3,3,2,1,1,17,102726,8,0,0,16,0,0
1,2,1,9,3,1,21,32,226267,10,0,0,40,0,0
1,4,3,2,4,1,1,31,125457,9,0,0,45,0,0
2,4,0,5,4,1,1,58,204021,9,0,0,50,0,0
5,4,3,13,2,1,1,29,92262,9,0,0,48,0,0
5,2,0,5,6,5,1,23,430828,10,0,0,40,0,0
6,3,3,9,2,1,1,18,59342,7,0,0,5,1,0
1,4,2,5,4,1,1,34,136721,9,0,0,40,1,0
0,9,3,0,4,1,1,66,149422,4,0,0,4,0,0
5,1,1,6,1,1,1,45,86644,13,0,0,55,1,0
1,11,3,5,4,1,25,41,195124,14,0,0,35,0,0
1,4,3,3,5,1,1,26,167350,9,0,0,30,0,0
5,2,1,10,3,1,1,54,113000,10,0,0,40,0,0
1,2,3,8,2,5,1,24,140027,10,0,0,45,1,0
1,2,1,6,3,1,1,42,262425,10,0,0,50,0,0
1,2,3,6,2,1,1,20,316702,10,0,0,20,0,0
6,1,3,1,4,1,1,23,335453,13,0,0,20,1,0
0,6,3,0,5,1,1,25,202480,12,0,0,45,0,0
1,1,3,6,2,1,18,30,189620,13,0,0,40,1,0
1,4,3,4,2,1,1,19,475028,9,0,0,20,1,0
5,1,3,6,4,1,1,36,110866,13,0,0,50,0,0
1,1,0,4,6,1,13,31,243605,13,0,1380,40,1,0
1,2,3,7,2,1,1,21,163870,10,0,0,30,0,0
2,2,1,2,3,1,1,31,80145,10,0,0,40,0,0
1,10,1,3,3,5,19,40,229148,8,0,0,40,0,0
1,2,3,4,4,5,1,45,242552,10,0,0,40,0,0
1,4,1,2,3,1,1,60,177665,9,0,0,35,0,0
1,3,3,3,5,1,1,18,208103,7,0,0,25,0,0
1,1,1,6,3,1,1,28,296450,13,0,0,40,0,0
1,2,2,9,6,5,1,36,70282,10,0,0,40,1,0
1,1,0,6,4,1,0,36,271767,13,0,0,40,0,0
1,7,1,1,3,1,1,40,144995,11,4386,0,40,0,0
5,1,2,9,6,1,15,36,382635,13,0,0,35,1,0
1,4,0,3,6,5,1,31,295697,9,0,0,40,1,0
1,4,1,8,3,1,1,33,194141,9,0,0,40,0,0
6,4,3,1,2,1,1,19,378418,9,0,0,40,1,0
1,2,3,4,2,1,1,22,214399,10,0,0,15,1,0
1,4,3,3,4,1,1,33,182556,9,0,0,40,0,0
1,4,1,2,3,1,1,41,125831,9,0,2051,60,0,0
1,1,3,6,4,1,1,29,271328,13,4650,0,40,0,0
1,4,1,4,1,1,1,44,111502,9,0,0,40,1,0
1,2,3,3,4,1,1,20,299047,10,0,0,20,1,0
1,4,1,3,3,1,21,31,223212,9,0,0,40,0,0
1,2,3,3,4,1,1,23,352139,10,0,0,24,1,0
1,2,2,9,4,2,1,55,173093,10,0,0,40,1,0
1,7,1,9,3,1,1,26,181655,11,0,2377,45,0,0
1,7,3,3,2,1,1,25,332702,11,0,0,15,1,0
0,2,1,0,1,5,1,45,51164,10,0,0,40,1,0
1,2,1,2,3,1,1,35,234901,10,2407,0,40,0,0
1,2,3,4,4,5,1,36,131414,10,0,0,36,1,0
6,1,1,6,3,1,1,43,260960,13,0,0,50,0,0
1,4,0,3,6,5,1,56,156052,9,594,0,20,1,0
1,2,3,3,5,1,1,19,192453,10,0,0,25,1,0
2,4,1,11,3,1,1,55,200939,9,0,0,72,0,0
1,7,3,1,2,1,1,26,112847,11,0,0,40,0,0
1,10,3,7,2,1,1,17,316929,8,0,0,20,0,0
1,2,3,9,2,5,1,32,267736,10,0,0,40,1,0
1,3,3,2,2,5,29,29,267034,7,0,0,40,0,0
6,1,1,6,3,1,1,46,193047,13,0,0,37,0,0
1,1,3,6,6,1,1,22,223515,13,0,0,20,0,0
2,13,1,2,3,1,1,58,87510,6,0,0,40,0,0
1,4,3,11,6,1,1,23,145111,9,0,0,50,0,0
1,4,3,7,4,1,1,39,48093,9,0,0,40,0,0
1,7,3,2,2,1,1,27,31757,11,0,0,38,0,0
5,1,3,6,4,1,1,33,120064,13,0,0,45,1,0
1,4,3,10,4,5,1,37,103408,9,0,0,40,0,0
1,4,3,3,4,1,1,36,101460,9,0,0,18,1,0
5,4,2,13,6,1,22,34,119411,9,0,0,40,0,0
1,13,0,3,6,1,1,32,283268,6,0,0,42,1,0
6,2,5,3,5,1,1,31,301526,10,0,0,40,0,0
1,2,1,4,1,1,6,22,151790,10,0,0,30,1,0
2,1,2,4,4,1,1,47,106252,13,0,0,50,1,0
1,4,3,8,4,1,1,32,188557,9,0,0,40,0,0
1,2,3,10,4,1,1,26,171114,10,0,0,38,1,0
1,15,0,10,4,1,32,37,327323,3,0,0,32,0,0
1,4,2,2,6,1,1,31,244147,9,0,0,55,0,0
1,4,3,4,4,1,1,55,116442,9,0,0,38,0,0
5,7,2,1,4,1,1,23,282579,11,0,0,56,0,0
1,2,2,9,6,1,1,36,51838,10,0,0,40,1,0
1,11,1,6,3,1,0,34,73585,14,0,0,40,0,0
1,2,3,1,4,1,1,54,279129,10,0,0,40,0,0
6,2,1,2,3,1,0,43,146908,10,0,0,40,0,0
1,7,3,8,4,1,1,28,196690,11,0,1669,42,1,0
2,2,1,5,3,1,1,41,49572,10,0,0,60,0,0
1,2,2,9,4,5,1,42,169628,10,0,0,38,1,0
2,4,1,10,3,1,1,61,36671,9,0,2352,50,0,0
1,10,3,8,2,1,1,18,231193,8,0,0,30,0,0
0,4,1,0,3,1,1,59,192130,9,0,0,16,0,0
0,4,3,0,4,1,1,21,149704,9,1055,0,40,1,0
3,1,1,1,3,1,1,41,32185,13,0,0,40,0,0
0,2,3,0,2,1,1,18,196061,10,0,0,33,0,0
1,4,3,4,4,1,1,23,211046,9,2463,0,40,1,0
1,2,3,3,5,5,1,22,162343,10,0,0,20,0,0
1,4,1,8,3,1,1,61,128831,9,0,0,40,0,0
1,4,3,8,4,5,1,25,316688,9,0,0,40,0,0
1,6,2,2,4,1,1,43,154538,12,0,0,40,0,0
1,4,3,3,2,5,1,24,106085,9,0,1721,30,0,0
2,3,3,10,6,1,1,68,315859,7,0,0,20,0,0
1,4,2,9,6,1,1,31,51471,9,0,0,38,1,0
1,3,3,4,2,1,1,17,193830,7,0,0,20,1,0
0,11,5,0,5,1,1,50,23780,14,0,0,40,0,0
1,4,3,11,2,1,1,20,138768,9,0,0,30,0,0
1,4,0,3,2,1,1,30,191571,9,0,0,36,1,0
0,2,3,0,2,5,1,22,219941,10,0,0,40,0,0
1,2,2,5,4,1,1,43,94113,10,0,0,45,0,0
1,2,3,9,2,1,1,22,137510,10,0,0,40,0,0
1,13,3,10,2,1,1,17,32607,6,0,0,20,0,0
2,4,1,3,1,1,17,47,93208,9,0,0,75,1,0
1,7,3,6,4,1,1,41,254440,11,0,0,60,1,0
1,4,1,11,3,1,1,64,169871,9,0,0,45,0,0
1,7,3,9,6,1,1,48,167159,11,0,0,40,0,0
1,11,3,6,4,1,1,31,171871,14,0,0,46,1,0
1,7,3,1,2,1,1,29,154411,11,0,0,40,0,0
1,4,0,9,4,1,1,30,129227,9,0,0,40,1,0
1,4,1,5,3,1,1,32,110331,9,0,1672,60,0,0
1,4,0,3,4,1,1,62,174355,9,0,0,40,1,0
1,4,0,8,6,1,1,39,680390,9,0,0,24,1,0
1,2,3,9,4,1,1,43,233130,10,0,0,25,0,0
3,1,3,4,2,1,1,24,165474,13,0,0,40,0,0
0,3,1,0,3,1,1,42,257780,7,0,0,15,0,0
1,2,3,7,2,1,1,26,280093,10,0,0,40,0,0
2,4,1,5,3,1,1,73,177387,9,0,0,40,0,0
0,3,0,0,4,1,1,72,28929,7,0,0,24,1,0
1,4,1,8,3,1,1,55,105304,9,0,0,40,0,0
1,4,2,9,4,1,1,25,499233,9,0,0,40,0,0
1,1,3,5,4,1,1,24,321435,13,0,0,50,0,0
1,4,0,10,4,1,1,63,86108,9,0,0,6,0,0
1,3,3,4,2,1,1,17,198124,7,0,0,20,0,0
1,2,1,2,3,1,1,35,135162,10,0,0,50,0,0
5,1,0,6,4,1,1,62,291175,13,0,0,48,1,0
1,2,2,6,4,1,1,43,102895,10,0,0,40,0,0
5,4,2,3,4,1,1,40,33274,9,0,0,50,1,0
1,1,1,2,3,1,1,39,138192,13,0,0,40,0,0
1,4,3,2,2,1,1,31,118966,9,0,0,18,0,0
1,7,2,9,4,1,1,26,90980,11,0,0,55,1,0
2,4,1,4,3,1,1,46,177407,9,0,0,50,0,0
1,1,3,6,4,1,1,26,96467,13,0,0,40,1,0
1,4,3,11,2,1,1,34,111567,9,0,0,40,0,0
5,4,3,9,2,1,1,34,166545,9,0,0,40,1,0
1,1,3,6,2,1,1,34,188798,13,0,0,40,1,0
1,3,3,9,2,1,1,18,216284,7,0,0,20,1,0
1,4,1,10,3,1,21,43,191547,9,0,0,40,0,0
1,3,1,5,3,1,1,48,285335,7,0,0,50,0,0
3,2,1,5,3,1,1,28,142712,10,0,0,70,0,0
1,4,1,8,3,1,1,33,80945,9,0,0,40,0,0
1,2,3,4,4,1,1,24,309055,10,0,0,15,1,0
1,13,3,7,4,1,1,21,62339,6,0,0,40,0,0
1,3,3,4,2,1,1,17,368700,7,0,0,28,0,0
2,1,0,6,2,1,1,29,266855,13,0,0,40,0,0
1,2,3,11,2,1,1,24,121313,10,0,0,50,0,0
1,15,2,3,6,5,1,55,282753,3,0,0,25,0,0
1,4,3,7,6,5,1,23,153044,9,0,0,7,1,0
1,7,2,9,6,1,1,38,411797,11,0,0,40,1,0
1,4,3,9,4,1,1,19,376540,9,0,0,30,1,0
1,8,2,8,4,1,1,49,72393,5,0,0,40,1,0
1,4,1,2,3,1,1,27,96226,9,0,0,70,0,0
1,2,1,2,1,1,1,33,258498,10,0,0,60,1,0
0,2,1,0,3,1,1,63,149698,10,0,0,15,0,0
1,1,3,5,2,1,1,23,205865,13,0,0,28,0,0
3,2,1,2,3,1,0,33,155781,10,0,0,60,0,0
2,4,1,4,3,5,1,54,406468,9,0,0,40,0,0
1,7,2,1,4,1,1,29,177119,11,2174,0,45,1,0
0,2,2,0,6,5,1,48,144397,10,0,0,30,1,0
2,1,3,5,4,1,1,35,372525,13,0,0,40,0,0
1,7,1,9,1,2,8,28,164170,11,0,0,40,1,0
1,11,1,6,3,1,1,40,170108,14,0,0,40,0,0
1,2,2,4,2,1,1,47,341995,10,0,0,55,0,0
1,1,3,5,2,1,1,22,226508,13,0,0,50,1,0
1,4,1,1,3,1,1,28,109165,9,0,0,40,0,0
5,9,1,3,3,1,1,63,28856,4,0,0,55,0,0
2,8,1,2,3,1,1,51,175897,5,0,0,20,0,0
1,4,3,7,2,1,1,22,99697,9,0,0,40,1,0
0,6,1,0,2,3,1,27,90270,12,0,0,40,0,0
1,4,3,4,4,1,1,35,152375,9,0,0,45,0,0
1,4,2,8,4,1,1,46,171550,9,0,0,38,1,0
1,2,2,8,4,1,1,37,211154,10,0,0,52,0,0
1,1,3,6,2,5,1,24,202570,13,0,0,15,0,0
2,4,2,7,2,1,1,37,168496,9,0,0,10,0,0
1,2,1,1,3,1,1,53,68898,10,0,0,40,0,0
1,4,3,4,4,1,1,27,93235,9,0,0,30,0,0
1,2,2,2,4,1,1,38,278924,10,0,0,44,0,0
2,13,1,10,3,1,1,53,311020,6,0,0,60,0,0
1,2,3,2,4,1,1,34,175878,10,0,0,40,0,0
1,4,3,4,2,5,1,23,543028,9,0,0,40,0,0
1,11,1,6,1,2,11,43,158926,14,0,0,50,1,0
2,4,1,5,3,1,1,81,136063,9,0,0,30,0,0
1,2,3,3,2,1,1,21,186648,10,0,0,20,0,0
1,2,3,4,4,1,1,23,257509,10,0,0,25,0,0
1,2,3,11,6,1,1,25,98155,10,0,0,40,0,0
1,15,1,8,1,1,21,42,274198,3,0,0,38,1,0
1,2,1,9,1,5,1,38,97083,10,0,0,40,1,0
0,4,1,0,3,1,1,64,29825,9,0,0,5,0,0
1,4,1,8,3,1,1,32,262153,9,0,0,40,0,0
1,4,1,8,3,1,1,37,214738,9,0,0,40,0,0
1,2,3,4,4,1,1,22,91842,10,0,0,42,1,0
1,12,5,12,4,1,32,33,373662,2,0,0,40,1,0
1,4,2,8,4,1,1,42,162003,9,0,0,55,0,0
0,2,3,0,2,1,1,19,52114,10,0,0,10,1,0
5,16,1,3,3,1,1,51,241843,1,0,0,40,0,0
1,4,1,9,1,1,21,23,375871,9,0,0,40,1,0
1,11,3,6,4,1,1,47,21906,14,0,0,25,1,0
1,4,1,2,3,1,1,33,143653,9,0,0,30,0,0
1,6,2,3,6,3,1,31,78602,12,0,0,40,1,0
1,4,1,8,3,5,1,35,465507,9,0,0,40,0,0
1,4,3,3,4,1,1,18,293227,9,0,0,45,1,0
1,4,1,8,3,1,1,20,241752,9,0,0,40,0,0
5,2,2,5,6,5,1,54,166398,10,0,0,35,1,0
1,2,2,9,6,1,1,40,184682,10,0,0,40,1,0
1,2,2,2,6,1,1,43,250802,10,0,0,35,0,0
2,2,2,10,6,1,1,44,325159,10,0,0,40,0,0
1,9,0,3,6,5,1,51,269080,4,0,0,40,1,0
1,4,3,3,2,1,1,18,177722,9,0,0,20,1,0
1,2,1,5,3,1,1,51,133461,10,0,0,40,0,0
1,13,1,2,3,1,0,41,239683,6,0,0,30,0,0
5,13,2,11,4,1,1,33,298785,6,0,0,40,0,0
1,2,1,6,3,1,1,25,150062,10,0,0,45,0,0
1,4,2,8,4,1,1,32,169240,9,0,0,38,1,0
1,1,1,2,3,1,21,32,288273,13,0,0,70,0,0
1,13,2,5,6,1,1,36,526968,6,0,0,40,1,0
1,4,1,11,3,1,1,28,57066,9,0,0,40,0,0
1,4,3,3,2,1,1,20,323573,9,0,0,20,1,0
2,4,1,2,3,1,1,55,189721,9,0,0,20,0,0
0,7,0,0,4,1,1,36,94954,11,0,0,20,1,0
1,1,3,1,4,1,1,28,161538,13,0,0,35,1,0
1,4,1,2,3,1,1,37,200153,9,0,0,40,0,0
1,4,3,11,6,1,1,44,32185,9,0,0,70,0,0
1,2,3,4,4,1,1,25,178326,10,0,0,40,1,0
1,2,3,5,4,1,1,21,255957,10,4101,0,40,1,0
1,4,0,3,4,5,1,78,182977,9,2964,0,40,1,0
1,4,2,7,2,1,1,34,159929,9,0,0,40,0,0
1,4,3,9,4,1,1,49,123207,9,0,0,44,1,0
1,6,3,9,4,1,1,22,284317,12,0,0,40,1,0
0,4,3,0,6,5,1,23,184699,9,0,0,40,1,0
2,4,3,10,6,1,1,60,154474,9,0,0,42,0,0
1,7,2,3,4,1,1,63,254907,11,0,0,20,1,0
1,4,3,2,2,5,1,41,349221,9,0,0,35,1,0
1,4,2,9,6,1,1,47,335973,9,0,0,40,1,0
1,4,2,2,6,1,1,44,126701,9,0,0,40,0,0